,noisy,original_time
0,65.62162111007858,2016-05-21 11:59:32+00:00
1,62.38059271895944,2016-05-22 11:59:32+00:00
2,65.97462522770888,2016-05-23 11:59:32+00:00
3,65.96474459479208,2016-05-24 11:59:32+00:00
4,65.70604128810422,2016-05-25 11:59:32+00:00
5,67.46595223539745,2016-05-26 11:59:32+00:00
6,67.34137101142346,2016-05-27 11:59:32+00:00
7,67.15043113971774,2016-05-28 11:59:32+00:00
8,68.92707979094082,2016-05-29 11:59:32+00:00
9,68.91568284363437,2016-05-30 11:59:32+00:00
10,67.99933101557464,2016-05-31 11:59:32+00:00
11,66.50391560105243,2016-06-01 11:59:32+00:00
12,63.49708273166185,2016-06-02 11:59:32+00:00
13,65.7398758069408,2016-06-03 11:59:32+00:00
14,63.60437958107172,2016-06-04 11:59:32+00:00
15,66.07598705588411,2016-06-05 11:59:32+00:00
16,64.582784065162,2016-06-06 11:59:32+00:00
17,62.99408047768562,2016-06-07 11:59:32+00:00
18,66.13084066827956,2016-06-08 11:59:32+00:00
19,63.42412306006294,2016-06-09 11:59:32+00:00
20,65.02827053022374,2016-06-10 11:59:32+00:00
21,65.94558919353912,2016-06-11 11:59:32+00:00
22,64.22379795736077,2016-06-12 11:59:32+00:00
23,63.594578240172936,2016-06-13 11:59:32+00:00
24,63.69413521132534,2016-06-14 11:59:32+00:00
25,60.43578653791936,2016-06-15 11:59:32+00:00
26,60.868476839685364,2016-06-16 11:59:32+00:00
27,57.582441431328554,2016-06-17 11:59:32+00:00
28,58.484193243830056,2016-06-18 11:59:32+00:00
29,57.819426802933926,2016-06-19 11:59:32+00:00
30,60.65294691925636,2016-06-20 11:59:32+00:00
31,57.51612967501154,2016-06-21 11:59:32+00:00
32,61.71967381772349,2016-06-22 11:59:32+00:00
33,61.783639101970216,2016-06-23 11:59:32+00:00
34,61.849354116070955,2016-06-24 11:59:32+00:00
35,59.005322441490335,2016-06-25 11:59:32+00:00
36,59.45696464637446,2016-06-26 11:59:32+00:00
37,61.80108580273159,2016-06-27 11:59:32+00:00
38,60.97571320094799,2016-06-28 11:59:32+00:00
39,60.02251323060097,2016-06-29 11:59:32+00:00
40,62.49651070861889,2016-06-30 11:59:32+00:00
41,60.306049717028024,2016-07-01 11:59:32+00:00
42,60.70159412991815,2016-07-02 11:59:32+00:00
43,62.50277199765775,2016-07-03 11:59:32+00:00
44,63.12170314332864,2016-07-04 11:59:32+00:00
45,63.06106861336494,2016-07-05 11:59:32+00:00
46,63.57102967230071,2016-07-06 11:59:32+00:00
47,65.50882909818559,2016-07-07 11:59:32+00:00
48,66.79946270991738,2016-07-08 11:59:32+00:00
49,66.70432783403524,2016-07-09 11:59:32+00:00
50,64.55225410227415,2016-07-10 11:59:32+00:00
51,63.00104944711811,2016-07-11 11:59:32+00:00
52,64.6073307659539,2016-07-12 11:59:32+00:00
53,64.99271983639701,2016-07-13 11:59:32+00:00
54,66.75025980128203,2016-07-14 11:59:32+00:00
55,65.95951063143454,2016-07-15 11:59:32+00:00
56,63.171518355340005,2016-07-16 11:59:32+00:00
57,66.81992659193226,2016-07-17 11:59:32+00:00
58,66.18598407301982,2016-07-18 11:59:32+00:00
59,67.06201798488631,2016-07-19 11:59:32+00:00
60,69.09850109230109,2016-07-20 11:59:32+00:00
61,68.07808326474675,2016-07-21 11:59:32+00:00
62,68.08665528415025,2016-07-22 11:59:32+00:00
63,68.02821871234399,2016-07-23 11:59:32+00:00
64,68.79460884715472,2016-07-24 11:59:32+00:00
65,71.95842893471713,2016-07-25 11:59:32+00:00
66,67.8811116064142,2016-07-26 11:59:32+00:00
67,69.5263838993297,2016-07-27 11:59:32+00:00
68,71.04909758606794,2016-07-28 11:59:32+00:00
69,71.03497408544996,2016-07-29 11:59:32+00:00
70,73.76817386131863,2016-07-30 11:59:32+00:00
71,75.29814231726448,2016-07-31 11:59:32+00:00
72,72.73170781455568,2016-08-01 11:59:32+00:00
73,73.65350714711182,2016-08-02 11:59:32+00:00
74,73.76589130468157,2016-08-03 11:59:32+00:00
75,71.902024181948,2016-08-04 11:59:32+00:00
76,71.77422798981358,2016-08-05 11:59:32+00:00
77,74.88963742746911,2016-08-06 11:59:32+00:00
78,73.73814588630802,2016-08-07 11:59:32+00:00
79,70.66663803293523,2016-08-08 11:59:32+00:00
80,75.9226567235752,2016-08-09 11:59:32+00:00
81,72.21193123435395,2016-08-10 11:59:32+00:00
82,75.28291186977721,2016-08-11 11:59:32+00:00
83,74.03646836425716,2016-08-12 11:59:32+00:00
84,75.22873391542714,2016-08-13 11:59:32+00:00
85,72.65512173378141,2016-08-14 11:59:32+00:00
86,72.41532665341553,2016-08-15 11:59:32+00:00
87,71.95152596278128,2016-08-16 11:59:32+00:00
88,71.36311029825438,2016-08-17 11:59:32+00:00
89,70.70805363615953,2016-08-18 11:59:32+00:00
90,68.87733147192414,2016-08-19 11:59:32+00:00
91,70.94799016547275,2016-08-20 11:59:32+00:00
92,69.57631143557728,2016-08-21 11:59:32+00:00
93,66.38507899760468,2016-08-22 11:59:32+00:00
94,67.46722235078805,2016-08-23 11:59:32+00:00
95,66.47315044049253,2016-08-24 11:59:32+00:00
96,62.49123258268941,2016-08-25 11:59:32+00:00
97,63.62416048279718,2016-08-26 11:59:32+00:00
98,65.4680530583402,2016-08-27 11:59:32+00:00
99,64.84302561089616,2016-08-28 11:59:32+00:00
100,65.91564775259253,2016-08-29 11:59:32+00:00
101,64.51452661639505,2016-08-30 11:59:32+00:00
102,63.324184635473166,2016-08-31 11:59:32+00:00
103,62.830744494966005,2016-09-01 11:59:32+00:00
104,62.913410888513425,2016-09-02 11:59:32+00:00
105,63.3286907097889,2016-09-03 11:59:32+00:00
106,62.62506734659725,2016-09-04 11:59:32+00:00
107,64.73640867764423,2016-09-05 11:59:32+00:00
108,59.530412678070775,2016-09-06 11:59:32+00:00
109,62.11611244124799,2016-09-07 11:59:32+00:00
110,65.75508852225126,2016-09-08 11:59:32+00:00
111,63.82079695346582,2016-09-09 11:59:32+00:00
112,66.05161921009046,2016-09-10 11:59:32+00:00
113,67.59546357999926,2016-09-11 11:59:32+00:00
114,65.42446062684422,2016-09-12 11:59:32+00:00
115,65.5472603104808,2016-09-13 11:59:32+00:00
116,64.336246503801,2016-09-14 11:59:32+00:00
117,65.603178417191,2016-09-15 11:59:32+00:00
118,66.7386675162239,2016-09-16 11:59:32+00:00
119,67.52839991366362,2016-09-17 11:59:32+00:00
120,66.2974328948152,2016-09-18 11:59:32+00:00
121,65.50752110554414,2016-09-19 11:59:32+00:00
122,64.97364417989853,2016-09-20 11:59:32+00:00
123,66.9681083976231,2016-09-21 11:59:32+00:00
124,65.49604080226071,2016-09-22 11:59:32+00:00
125,63.95056856084315,2016-09-23 11:59:32+00:00
126,65.59618327608523,2016-09-24 11:59:32+00:00
127,64.89138480246504,2016-09-25 11:59:32+00:00
128,62.382546671868496,2016-09-26 11:59:32+00:00
129,62.171293341366194,2016-09-27 11:59:32+00:00
130,63.173204228254235,2016-09-28 11:59:32+00:00
131,60.01128138523538,2016-09-29 11:59:32+00:00
132,62.847332746021245,2016-09-30 11:59:32+00:00
133,61.333370646421784,2016-10-01 11:59:32+00:00
134,59.35974297245236,2016-10-02 11:59:32+00:00
135,58.75982206232102,2016-10-03 11:59:32+00:00
136,59.355444356559104,2016-10-04 11:59:32+00:00
137,58.281178940160636,2016-10-05 11:59:32+00:00
138,56.57366119346523,2016-10-06 11:59:32+00:00
139,53.53733987357857,2016-10-07 11:59:32+00:00
140,54.22235977816038,2016-10-08 11:59:32+00:00
141,57.68811351235928,2016-10-09 11:59:32+00:00
142,53.781565886631775,2016-10-10 11:59:32+00:00
143,52.29062407627684,2016-10-11 11:59:32+00:00
144,52.799897246486324,2016-10-12 11:59:32+00:00
145,53.65795937044515,2016-10-13 11:59:32+00:00
146,53.67900065888752,2016-10-14 11:59:32+00:00
147,51.07898924672948,2016-10-15 11:59:32+00:00
148,53.23547315328494,2016-10-16 11:59:32+00:00
149,51.22857032026227,2016-10-17 11:59:32+00:00
150,52.0896698911754,2016-10-18 11:59:32+00:00
151,49.186177815409,2016-10-19 11:59:32+00:00
152,48.23256920442179,2016-10-20 11:59:32+00:00
153,45.9078695832011,2016-10-21 11:59:32+00:00
154,46.81184275495974,2016-10-22 11:59:32+00:00
155,47.98622512873288,2016-10-23 11:59:32+00:00
156,42.9295371299185,2016-10-24 11:59:32+00:00
157,39.50445576630876,2016-10-25 11:59:32+00:00
158,35.59644205365992,2016-10-26 11:59:32+00:00
159,34.66827882668168,2016-10-27 11:59:32+00:00
160,33.425430961451795,2016-10-28 11:59:32+00:00
161,30.872986346504405,2016-10-29 11:59:32+00:00
162,28.88769574553802,2016-10-30 11:59:32+00:00
163,24.69957688656656,2016-10-31 11:59:32+00:00
164,25.25928527201013,2016-11-01 11:59:32+00:00
165,22.394866145780977,2016-11-02 11:59:32+00:00
166,21.49938178358311,2016-11-03 11:59:32+00:00
167,18.507095099548877,2016-11-04 11:59:32+00:00
168,17.888335572972366,2016-11-05 11:59:32+00:00
169,19.75460077446592,2016-11-06 11:59:32+00:00
170,19.366480752624778,2016-11-07 11:59:32+00:00
171,18.98906738175297,2016-11-08 11:59:32+00:00
172,15.402916713147224,2016-11-09 11:59:32+00:00
173,19.274517468066385,2016-11-10 11:59:32+00:00
174,21.571612717535455,2016-11-11 11:59:32+00:00
175,21.332139347375627,2016-11-12 11:59:32+00:00
176,21.133656805194697,2016-11-13 11:59:32+00:00
177,20.266177040767356,2016-11-14 11:59:32+00:00
178,20.490683466348813,2016-11-15 11:59:32+00:00
179,24.26135243565716,2016-11-16 11:59:32+00:00
180,22.48762727914895,2016-11-17 11:59:32+00:00
181,23.51886528137919,2016-11-18 11:59:32+00:00
182,22.578850647525854,2016-11-19 11:59:32+00:00
183,22.748464414383598,2016-11-20 11:59:32+00:00
184,22.564011314066626,2016-11-21 11:59:32+00:00
185,24.648833960275496,2016-11-22 11:59:32+00:00
186,21.339714414953114,2016-11-23 11:59:32+00:00
187,21.525374104866813,2016-11-24 11:59:32+00:00
188,23.61014665122285,2016-11-25 11:59:32+00:00
189,21.885029329372912,2016-11-26 11:59:32+00:00
190,20.946407369416242,2016-11-27 11:59:32+00:00
191,20.860795853943305,2016-11-28 11:59:32+00:00
192,19.926746669126164,2016-11-29 11:59:32+00:00
193,23.184219941860245,2016-11-30 11:59:32+00:00
194,19.687877567811874,2016-12-01 11:59:32+00:00
195,19.126547279853813,2016-12-02 11:59:32+00:00
196,20.06514771583705,2016-12-03 11:59:32+00:00
197,18.85104954492271,2016-12-04 11:59:32+00:00
198,18.515061931885466,2016-12-05 11:59:32+00:00
199,19.530967648508426,2016-12-06 11:59:32+00:00
200,18.36316710126352,2016-12-07 11:59:32+00:00
201,18.355741056101166,2016-12-08 11:59:32+00:00
202,20.794156155516593,2016-12-09 11:59:32+00:00
203,21.58813279317102,2016-12-10 11:59:32+00:00
204,21.54612250622586,2016-12-11 11:59:32+00:00
205,20.6403462888389,2016-12-12 11:59:32+00:00
206,21.99123887028409,2016-12-13 11:59:32+00:00
207,22.2740599851421,2016-12-14 11:59:32+00:00
208,23.240920388418022,2016-12-15 11:59:32+00:00
209,22.22549595577608,2016-12-16 11:59:32+00:00
210,21.1360556559897,2016-12-17 11:59:32+00:00
211,20.62833633350207,2016-12-18 11:59:32+00:00
212,19.905707132039833,2016-12-19 11:59:32+00:00
213,19.9608014958919,2016-12-20 11:59:32+00:00
214,18.46255251695904,2016-12-21 11:59:32+00:00
215,20.75838140110881,2016-12-22 11:59:32+00:00
216,22.853870321708072,2016-12-23 11:59:32+00:00
217,20.716344502424796,2016-12-24 11:59:32+00:00
218,20.600054513437527,2016-12-25 11:59:32+00:00
219,19.239874794000773,2016-12-26 11:59:32+00:00
220,21.003404310225317,2016-12-27 11:59:32+00:00
221,19.7552147053581,2016-12-28 11:59:32+00:00
222,20.468990852950817,2016-12-29 11:59:32+00:00
223,19.92251047334184,2016-12-30 11:59:32+00:00
224,20.604584305377966,2016-12-31 11:59:32+00:00
225,20.205911476557052,2017-01-01 11:59:32+00:00
226,20.662635914534295,2017-01-02 11:59:32+00:00
227,20.954220473040625,2017-01-03 11:59:32+00:00
228,21.11656690410098,2017-01-04 11:59:32+00:00
229,19.46908339977062,2017-01-05 11:59:32+00:00
230,20.14795744522438,2017-01-06 11:59:32+00:00
231,23.033647092247957,2017-01-07 11:59:32+00:00
232,22.10809506794408,2017-01-08 11:59:32+00:00
233,20.396983874382165,2017-01-09 11:59:32+00:00
234,20.281036434482715,2017-01-10 11:59:32+00:00
235,21.939042656307834,2017-01-11 11:59:32+00:00
236,20.244111815663732,2017-01-12 11:59:32+00:00
237,21.261416897068088,2017-01-13 11:59:32+00:00
238,20.901673225808146,2017-01-14 11:59:32+00:00
239,19.4027399228716,2017-01-15 11:59:32+00:00
240,20.22027154234725,2017-01-16 11:59:32+00:00
241,19.816982557936655,2017-01-17 11:59:32+00:00
242,22.538467287997875,2017-01-18 11:59:32+00:00
243,20.796879031190887,2017-01-19 11:59:32+00:00
244,21.572504866702793,2017-01-20 11:59:32+00:00
245,20.726553454730638,2017-01-21 11:59:32+00:00
246,22.446978531329304,2017-01-22 11:59:32+00:00
247,23.92762544309077,2017-01-23 11:59:32+00:00
248,22.97341634666322,2017-01-24 11:59:32+00:00
249,21.090133115383935,2017-01-25 11:59:32+00:00
250,20.00641012134326,2017-01-26 11:59:32+00:00
251,21.579245212793975,2017-01-27 11:59:32+00:00
252,22.012492917800117,2017-01-28 11:59:32+00:00
253,18.536219224978637,2017-01-29 11:59:32+00:00
254,20.726437202296108,2017-01-30 11:59:32+00:00
255,20.403628199297216,2017-01-31 11:59:32+00:00
256,20.054809587480005,2017-02-01 11:59:32+00:00
257,22.297297587632126,2017-02-02 11:59:32+00:00
258,18.907244552245007,2017-02-03 11:59:32+00:00
259,20.643126981675362,2017-02-04 11:59:32+00:00
260,19.802159328114236,2017-02-05 11:59:32+00:00
261,23.130799829269733,2017-02-06 11:59:32+00:00
262,22.958991692346718,2017-02-07 11:59:32+00:00
263,19.78373287477436,2017-02-08 11:59:32+00:00
264,20.91362419241775,2017-02-09 11:59:32+00:00
265,22.916391140034655,2017-02-10 11:59:32+00:00
266,20.538675542988216,2017-02-11 11:59:32+00:00
267,23.25237259503472,2017-02-12 11:59:32+00:00
268,18.486489711838146,2017-02-13 11:59:32+00:00
269,23.012860515245514,2017-02-14 11:59:32+00:00
270,21.681922791216316,2017-02-15 11:59:32+00:00
271,23.213778085123774,2017-02-16 11:59:32+00:00
272,25.271730953735947,2017-02-17 11:59:32+00:00
273,23.23763045662765,2017-02-18 11:59:32+00:00
274,24.21509836584593,2017-02-19 11:59:32+00:00
275,22.112706418749205,2017-02-20 11:59:32+00:00
276,24.05872417802909,2017-02-21 11:59:32+00:00
277,25.476474551913483,2017-02-22 11:59:32+00:00
278,23.518663601282032,2017-02-23 11:59:32+00:00
279,25.98737280870244,2017-02-24 11:59:32+00:00
280,23.110480216066193,2017-02-25 11:59:32+00:00
281,24.921878121700743,2017-02-26 11:59:32+00:00
282,25.866667671562215,2017-02-27 11:59:32+00:00
283,24.903279497683823,2017-02-28 11:59:32+00:00
284,24.15405398271349,2017-03-01 11:59:32+00:00
285,26.364067578384073,2017-03-02 11:59:32+00:00
286,25.91393244932696,2017-03-03 11:59:32+00:00
287,26.66928316420994,2017-03-04 11:59:32+00:00
288,26.3009294339375,2017-03-05 11:59:32+00:00
289,24.838813009148154,2017-03-06 11:59:32+00:00
290,27.626827788739362,2017-03-07 11:59:32+00:00
291,28.488221687718593,2017-03-08 11:59:32+00:00
292,30.96897382416303,2017-03-09 11:59:32+00:00
293,30.109521696218916,2017-03-10 11:59:32+00:00
294,31.928795973138595,2017-03-11 11:59:32+00:00
295,29.90149859435524,2017-03-12 11:59:32+00:00
296,31.61858674979692,2017-03-13 11:59:32+00:00
297,30.99983174428661,2017-03-14 11:59:32+00:00
298,33.08399461517677,2017-03-15 11:59:32+00:00
299,32.86017103521252,2017-03-16 11:59:32+00:00
300,35.638838563552945,2017-03-17 11:59:32+00:00
301,34.8136151712772,2017-03-18 11:59:32+00:00
302,37.02974227892751,2017-03-19 11:59:32+00:00
303,35.1873194104936,2017-03-20 11:59:32+00:00
304,35.45750676751973,2017-03-21 11:59:32+00:00
305,38.32259462206988,2017-03-22 11:59:32+00:00
306,38.306393383115726,2017-03-23 11:59:32+00:00
307,40.99166509409117,2017-03-24 11:59:32+00:00
308,43.61246723672937,2017-03-25 11:59:32+00:00
309,39.70791141083651,2017-03-26 11:59:32+00:00
310,43.610206201916824,2017-03-27 11:59:32+00:00
311,44.60160211345714,2017-03-28 11:59:32+00:00
312,44.659122647502954,2017-03-29 11:59:32+00:00
313,45.86095009363091,2017-03-30 11:59:32+00:00
314,43.72077435432728,2017-03-31 11:59:32+00:00
315,48.38822815517925,2017-04-01 11:59:32+00:00
316,46.818038083913834,2017-04-02 11:59:32+00:00
317,49.45028643888352,2017-04-03 11:59:32+00:00
318,48.80115288855749,2017-04-04 11:59:32+00:00
319,50.025798321197854,2017-04-05 11:59:32+00:00
320,52.51744751037844,2017-04-06 11:59:32+00:00
321,51.896424603691074,2017-04-07 11:59:32+00:00
322,54.98272604244399,2017-04-08 11:59:32+00:00
323,54.851378052724364,2017-04-09 11:59:32+00:00
324,53.71163581040872,2017-04-10 11:59:32+00:00
325,54.96626184037783,2017-04-11 11:59:32+00:00
326,57.21007922573007,2017-04-12 11:59:32+00:00
327,55.40189744033426,2017-04-13 11:59:32+00:00
328,57.00787377848709,2017-04-14 11:59:32+00:00
329,55.804596457848525,2017-04-15 11:59:32+00:00
330,59.09357039603889,2017-04-16 11:59:32+00:00
331,61.19015927676013,2017-04-17 11:59:32+00:00
332,59.9834985099004,2017-04-18 11:59:32+00:00
333,60.63549279815695,2017-04-19 11:59:32+00:00
334,59.76748112814425,2017-04-20 11:59:32+00:00
335,61.73343363939894,2017-04-21 11:59:32+00:00
336,60.68013724822721,2017-04-22 11:59:32+00:00
337,64.18451526940679,2017-04-23 11:59:32+00:00
338,63.878932483645706,2017-04-24 11:59:32+00:00
339,65.52756255389642,2017-04-25 11:59:32+00:00
340,64.40681201524676,2017-04-26 11:59:32+00:00
341,67.34420803070583,2017-04-27 11:59:32+00:00
342,66.87137523571613,2017-04-28 11:59:32+00:00
343,68.77262635209365,2017-04-29 11:59:32+00:00
344,66.74521830316759,2017-04-30 11:59:32+00:00
345,67.44017503185289,2017-05-01 11:59:32+00:00
346,68.37132872651479,2017-05-02 11:59:32+00:00
347,68.90261759223996,2017-05-03 11:59:32+00:00
348,68.98927402306231,2017-05-04 11:59:32+00:00
349,69.57582765522807,2017-05-05 11:59:32+00:00
350,69.80931935872759,2017-05-06 11:59:32+00:00
351,69.56182768980756,2017-05-07 11:59:32+00:00
352,69.24764246123205,2017-05-08 11:59:32+00:00
353,68.53627775826013,2017-05-09 11:59:32+00:00
354,68.2906865161891,2017-05-10 09:00:00+00:00
355,68.4644014518752,2017-05-10 12:00:00+00:00
356,67.9305532791138,2017-05-10 15:00:00+00:00
357,68.33863800577228,2017-05-10 18:00:00+00:00
358,67.8654441446096,2017-05-11 09:00:00+00:00
359,67.52257215275343,2017-05-11 12:00:00+00:00
360,67.84901220847497,2017-05-11 15:00:00+00:00
361,67.90704104415376,2017-05-11 18:00:00+00:00
362,67.82104334644276,2017-05-12 09:00:00+00:00
363,67.9907577405923,2017-05-12 12:00:00+00:00
364,67.55436376486558,2017-05-12 15:00:00+00:00
365,67.86778378684878,2017-05-12 18:00:00+00:00
366,67.31818235645342,2017-05-13 09:00:00+00:00
367,67.46085074736025,2017-05-13 12:00:00+00:00
368,67.37938313483698,2017-05-13 15:00:00+00:00
369,67.16269943351097,2017-05-13 18:00:00+00:00
370,67.09276046256826,2017-05-14 09:00:00+00:00
371,66.78028601301321,2017-05-14 12:00:00+00:00
372,66.83217399468242,2017-05-14 15:00:00+00:00
373,66.82892639718672,2017-05-14 18:00:00+00:00
374,66.70001411115211,2017-05-15 09:00:00+00:00
375,66.76957855167298,2017-05-15 12:00:00+00:00
376,66.54435127730909,2017-05-15 15:00:00+00:00
377,66.5959833711161,2017-05-15 18:00:00+00:00
378,66.20012626721936,2017-05-16 09:00:00+00:00
379,66.00999034192202,2017-05-16 12:00:00+00:00
380,66.52001023394388,2017-05-16 15:00:00+00:00
381,66.07941412612658,2017-05-16 18:00:00+00:00
382,65.53612612878752,2017-05-17 09:00:00+00:00
383,66.16223728734816,2017-05-17 12:00:00+00:00
384,66.02040551279619,2017-05-17 15:00:00+00:00
385,65.43780424419595,2017-05-17 18:00:00+00:00
386,65.06062234375453,2017-05-18 09:00:00+00:00
387,65.2218584666969,2017-05-18 12:00:00+00:00
388,65.85210583022656,2017-05-18 15:00:00+00:00
389,65.63266541757248,2017-05-18 18:00:00+00:00
390,64.89590780572512,2017-05-19 09:00:00+00:00
391,65.15680332429726,2017-05-19 12:00:00+00:00
392,64.89884224282662,2017-05-19 15:00:00+00:00
393,65.25573878905574,2017-05-19 18:00:00+00:00
394,64.73136993023996,2017-05-20 09:00:00+00:00
395,64.77510330505199,2017-05-20 12:00:00+00:00
396,64.6260382039381,2017-05-20 15:00:00+00:00
397,65.39742688465324,2017-05-20 18:00:00+00:00
398,64.6603615310982,2017-05-21 09:00:00+00:00
399,65.2923466003842,2017-05-21 12:00:00+00:00
400,64.49356369779258,2017-05-21 15:00:00+00:00
401,64.10797282217122,2017-05-21 18:00:00+00:00
402,67.00472858753766,2017-05-22 09:00:00+00:00
403,66.69731073480571,2017-05-22 12:00:00+00:00
404,67.44798903026145,2017-05-22 15:00:00+00:00
405,67.12946247215704,2017-05-22 18:00:00+00:00
406,66.0459349911453,2017-05-23 09:00:00+00:00
407,66.01975677681014,2017-05-23 12:00:00+00:00
408,65.98161030473307,2017-05-23 15:00:00+00:00
409,65.59702805391008,2017-05-23 18:00:00+00:00
410,66.27434754790083,2017-05-24 09:00:00+00:00
411,66.28923749552928,2017-05-24 12:00:00+00:00
412,66.08352613152279,2017-05-24 15:00:00+00:00
413,66.38347106192977,2017-05-24 18:00:00+00:00
414,66.08246405858287,2017-05-25 09:00:00+00:00
415,66.13221860472265,2017-05-25 12:00:00+00:00
416,66.26933038399338,2017-05-25 15:00:00+00:00
417,65.9647754631503,2017-05-25 18:00:00+00:00
418,65.2348126534316,2017-05-26 09:00:00+00:00
419,65.78058816675956,2017-05-26 12:00:00+00:00
420,66.03000946678068,2017-05-26 15:00:00+00:00
421,119.85389949710876,2017-05-26 18:00:00+00:00
422,66.0026015377849,2017-05-27 09:00:00+00:00
423,66.22390160881982,2017-05-27 12:00:00+00:00
424,65.89510082230039,2017-05-27 15:00:00+00:00
425,65.98819501504278,2017-05-27 18:00:00+00:00
426,68.76905460186633,2017-05-28 09:00:00+00:00
427,68.84912281903566,2017-05-28 12:00:00+00:00
428,69.22546241915582,2017-05-28 15:00:00+00:00
429,68.65756598820568,2017-05-28 18:00:00+00:00
430,70.51148135664498,2017-05-29 09:00:00+00:00
431,70.51883484134494,2017-05-29 12:00:00+00:00
432,70.77306414818722,2017-05-29 15:00:00+00:00
433,70.82053789570017,2017-05-29 18:00:00+00:00
434,68.69142421779183,2017-05-30 09:00:00+00:00
435,68.73192524473946,2017-05-30 12:00:00+00:00
436,68.53676176621676,2017-05-30 15:00:00+00:00
437,68.78671870642444,2017-05-30 18:00:00+00:00
438,67.43272395982514,2017-05-31 09:00:00+00:00
439,66.8899837457467,2017-05-31 12:00:00+00:00
440,67.3621389797918,2017-05-31 15:00:00+00:00
441,67.17136413869551,2017-05-31 18:00:00+00:00
442,64.20915576320827,2017-06-01 09:00:00+00:00
443,64.44383846189716,2017-06-01 12:00:00+00:00
444,64.51886664213639,2017-06-01 15:00:00+00:00
445,64.1111398727013,2017-06-01 18:00:00+00:00
446,63.55929809034723,2017-06-02 09:00:00+00:00
447,63.631887158583226,2017-06-02 12:00:00+00:00
448,63.49367997909981,2017-06-02 15:00:00+00:00
449,63.13446978562841,2017-06-02 18:00:00+00:00
450,66.25992695281184,2017-06-03 09:00:00+00:00
451,65.60265028993054,2017-06-03 12:00:00+00:00
452,65.97262198734599,2017-06-03 15:00:00+00:00
453,65.8818735840807,2017-06-03 18:00:00+00:00
454,62.86797183050204,2017-06-04 09:00:00+00:00
455,62.85632158520172,2017-06-04 12:00:00+00:00
456,62.6200540399452,2017-06-04 15:00:00+00:00
457,63.00961270207725,2017-06-04 18:00:00+00:00
458,64.52270544820793,2017-06-05 09:00:00+00:00
459,65.26514981198851,2017-06-05 12:00:00+00:00
460,65.14300196010353,2017-06-05 15:00:00+00:00
461,65.24317451964932,2017-06-05 18:00:00+00:00
462,63.41406211170757,2017-06-06 09:00:00+00:00
463,63.19633180767152,2017-06-06 12:00:00+00:00
464,63.72830059175043,2017-06-06 15:00:00+00:00
465,63.34370197867159,2017-06-06 18:00:00+00:00
466,63.855363384485,2017-06-07 09:00:00+00:00
467,64.58061036220032,2017-06-07 12:00:00+00:00
468,63.96124279176252,2017-06-07 15:00:00+00:00
469,63.59598073131579,2017-06-07 18:00:00+00:00
470,64.11142249693953,2017-06-08 09:00:00+00:00
471,63.338807683389376,2017-06-08 12:00:00+00:00
472,63.444619224436146,2017-06-08 15:00:00+00:00
473,64.05708421026468,2017-06-08 18:00:00+00:00
474,63.18081470467614,2017-06-09 09:00:00+00:00
475,62.89076363543753,2017-06-09 12:00:00+00:00
476,63.378831021999275,2017-06-09 15:00:00+00:00
477,63.161678341796716,2017-06-09 18:00:00+00:00
478,65.02151887334634,2017-06-10 09:00:00+00:00
479,65.23891174993759,2017-06-10 12:00:00+00:00
480,64.87126509623154,2017-06-10 15:00:00+00:00
481,65.01179395431096,2017-06-10 18:00:00+00:00
482,65.36096503675334,2017-06-11 09:00:00+00:00
483,65.99300386013066,2017-06-11 12:00:00+00:00
484,64.98209132154882,2017-06-11 15:00:00+00:00
485,65.59787600662409,2017-06-11 18:00:00+00:00
486,63.48320701728044,2017-06-12 09:00:00+00:00
487,63.896243217170216,2017-06-12 12:00:00+00:00
488,64.16741863998105,2017-06-12 15:00:00+00:00
489,63.76466495168033,2017-06-12 18:00:00+00:00
490,66.11546773146435,2017-06-13 09:00:00+00:00
491,65.96247079959745,2017-06-13 12:00:00+00:00
492,66.30666295626206,2017-06-13 15:00:00+00:00
493,66.166833090605,2017-06-13 18:00:00+00:00
494,62.73007684871635,2017-06-14 09:00:00+00:00
495,62.811827734400836,2017-06-14 12:00:00+00:00
496,63.13819701187499,2017-06-14 15:00:00+00:00
497,63.259174528037626,2017-06-14 18:00:00+00:00
498,62.09778729680162,2017-06-15 09:00:00+00:00
499,61.94252142691237,2017-06-15 12:00:00+00:00
500,62.2117077314462,2017-06-15 15:00:00+00:00
501,61.8315364623928,2017-06-15 18:00:00+00:00
502,61.21889605584527,2017-06-16 09:00:00+00:00
503,61.39765637947219,2017-06-16 12:00:00+00:00
504,60.88966708873924,2017-06-16 15:00:00+00:00
505,60.636591901040894,2017-06-16 18:00:00+00:00
506,56.09440383028691,2017-06-17 09:00:00+00:00
507,56.04980497217523,2017-06-17 12:00:00+00:00
508,55.94826740004306,2017-06-17 15:00:00+00:00
509,56.181833579219784,2017-06-17 18:00:00+00:00
510,58.45615119261958,2017-06-18 09:00:00+00:00
511,58.705838758842745,2017-06-18 12:00:00+00:00
512,58.740099251356725,2017-06-18 15:00:00+00:00
513,58.45055302821641,2017-06-18 18:00:00+00:00
514,57.60715266747611,2017-06-19 09:00:00+00:00
515,57.5670651361705,2017-06-19 12:00:00+00:00
516,57.811007517426525,2017-06-19 15:00:00+00:00
517,57.58510095390017,2017-06-19 18:00:00+00:00
518,58.75235112780158,2017-06-20 09:00:00+00:00
519,59.678557444139116,2017-06-20 12:00:00+00:00
520,59.23051470939584,2017-06-20 15:00:00+00:00
521,59.48144862709144,2017-06-20 18:00:00+00:00
522,60.05378712871939,2017-06-21 09:00:00+00:00
523,60.1273948505346,2017-06-21 12:00:00+00:00
524,60.378186753119,2017-06-21 15:00:00+00:00
525,59.9819957585155,2017-06-21 18:00:00+00:00
526,57.971965410573844,2017-06-22 09:00:00+00:00
527,58.17674793819262,2017-06-22 12:00:00+00:00
528,58.10730326282304,2017-06-22 15:00:00+00:00
529,58.040009917943124,2017-06-22 18:00:00+00:00
530,59.95498273751891,2017-06-23 09:00:00+00:00
531,59.577189171656755,2017-06-23 12:00:00+00:00
532,59.89860762029123,2017-06-23 15:00:00+00:00
533,59.49234486183141,2017-06-23 18:00:00+00:00
534,60.045212882576294,2017-06-24 09:00:00+00:00
535,59.864856258822215,2017-06-24 12:00:00+00:00
536,60.10659693697932,2017-06-24 15:00:00+00:00
537,59.87324784676528,2017-06-24 18:00:00+00:00
538,61.88754963855888,2017-06-25 09:00:00+00:00
539,62.18339182879273,2017-06-25 12:00:00+00:00
540,61.863378348490954,2017-06-25 15:00:00+00:00
541,61.75534757220645,2017-06-25 18:00:00+00:00
542,57.97503020405469,2017-06-26 09:00:00+00:00
543,58.36569164199117,2017-06-26 12:00:00+00:00
544,58.445737857545254,2017-06-26 15:00:00+00:00
545,58.25526829365717,2017-06-26 18:00:00+00:00
546,61.20625714382507,2017-06-27 09:00:00+00:00
547,61.45428192264745,2017-06-27 12:00:00+00:00
548,61.536960457611386,2017-06-27 15:00:00+00:00
549,60.696045056648366,2017-06-27 18:00:00+00:00
550,63.711460339188584,2017-06-28 09:00:00+00:00
551,63.04742456797007,2017-06-28 12:00:00+00:00
552,63.001889431164734,2017-06-28 15:00:00+00:00
553,63.411037718799946,2017-06-28 18:00:00+00:00
554,58.869456594744605,2017-06-29 09:00:00+00:00
555,58.698039771335075,2017-06-29 12:00:00+00:00
556,58.82528886517781,2017-06-29 15:00:00+00:00
557,58.8732216591005,2017-06-29 18:00:00+00:00
558,58.194719126488195,2017-06-30 09:00:00+00:00
559,58.20164836043611,2017-06-30 12:00:00+00:00
560,58.947884497212186,2017-06-30 15:00:00+00:00
561,59.10414791103521,2017-06-30 18:00:00+00:00
562,62.52696225035968,2017-07-01 09:00:00+00:00
563,61.65863797026392,2017-07-01 12:00:00+00:00
564,61.85447546251296,2017-07-01 15:00:00+00:00
565,62.16734700732406,2017-07-01 18:00:00+00:00
566,62.075414696694885,2017-07-02 09:00:00+00:00
567,62.624011290424356,2017-07-02 12:00:00+00:00
568,62.54091206149294,2017-07-02 15:00:00+00:00
569,62.38586014798762,2017-07-02 18:00:00+00:00
570,62.634622212939945,2017-07-03 09:00:00+00:00
571,62.220456107199716,2017-07-03 12:00:00+00:00
572,62.47884441091698,2017-07-03 15:00:00+00:00
573,62.702721525671,2017-07-03 18:00:00+00:00
574,62.22127648405315,2017-07-04 09:00:00+00:00
575,62.534766095863894,2017-07-04 12:00:00+00:00
576,61.68554787430051,2017-07-04 15:00:00+00:00
577,62.252900586175244,2017-07-04 18:00:00+00:00
578,64.01085437358446,2017-07-05 09:00:00+00:00
579,64.40747429117366,2017-07-05 12:00:00+00:00
580,64.28495809065035,2017-07-05 15:00:00+00:00
581,64.25668122904099,2017-07-05 18:00:00+00:00
582,64.36458449987977,2017-07-06 09:00:00+00:00
583,64.57167430880324,2017-07-06 12:00:00+00:00
584,64.9023829340694,2017-07-06 15:00:00+00:00
585,64.93348678856773,2017-07-06 18:00:00+00:00
586,64.25076281091258,2017-07-07 09:00:00+00:00
587,63.85047280955011,2017-07-07 12:00:00+00:00
588,64.19316737204014,2017-07-07 15:00:00+00:00
589,64.31444277039803,2017-07-07 18:00:00+00:00
590,63.47052743491623,2017-07-08 09:00:00+00:00
591,63.450277433482405,2017-07-08 12:00:00+00:00
592,63.81238228892856,2017-07-08 15:00:00+00:00
593,63.091063577637584,2017-07-08 18:00:00+00:00
594,65.05846472174171,2017-07-09 09:00:00+00:00
595,65.38534551314287,2017-07-09 12:00:00+00:00
596,65.47835848884893,2017-07-09 15:00:00+00:00
597,65.55629471854701,2017-07-09 18:00:00+00:00
598,63.59039259687,2017-07-10 09:00:00+00:00
599,64.03616902279981,2017-07-10 12:00:00+00:00
600,63.62332283111197,2017-07-10 15:00:00+00:00
601,63.53644165278021,2017-07-10 18:00:00+00:00
602,67.3846035393303,2017-07-11 09:00:00+00:00
603,66.70950909190411,2017-07-11 12:00:00+00:00
604,66.48962744598498,2017-07-11 15:00:00+00:00
605,66.54053564955515,2017-07-11 18:00:00+00:00
606,63.707210514448896,2017-07-12 09:00:00+00:00
607,63.49273273634571,2017-07-12 12:00:00+00:00
608,63.3618739386626,2017-07-12 15:00:00+00:00
609,63.03969674671463,2017-07-12 18:00:00+00:00
610,62.959211530745556,2017-07-13 09:00:00+00:00
611,62.79521883057861,2017-07-13 12:00:00+00:00
612,62.87067382894091,2017-07-13 15:00:00+00:00
613,62.52299163739708,2017-07-13 18:00:00+00:00
614,64.13118092639772,2017-07-14 09:00:00+00:00
615,63.94618374020263,2017-07-14 12:00:00+00:00
616,63.94663585561813,2017-07-14 15:00:00+00:00
617,64.29207472797916,2017-07-14 18:00:00+00:00
618,65.754275382227,2017-07-15 09:00:00+00:00
619,65.68644806171069,2017-07-15 12:00:00+00:00
620,65.95456249975412,2017-07-15 15:00:00+00:00
621,65.45834093487791,2017-07-15 18:00:00+00:00
622,64.89240151729356,2017-07-16 09:00:00+00:00
623,65.57820324894621,2017-07-16 12:00:00+00:00
624,64.9517798237733,2017-07-16 15:00:00+00:00
625,64.66627950488076,2017-07-16 18:00:00+00:00
626,67.25656496873981,2017-07-17 09:00:00+00:00
627,67.26066864981892,2017-07-17 12:00:00+00:00
628,67.08207689477983,2017-07-17 15:00:00+00:00
629,67.19829568302475,2017-07-17 18:00:00+00:00
630,65.85969322727671,2017-07-18 09:00:00+00:00
631,64.93197923473458,2017-07-18 12:00:00+00:00
632,65.67473391460123,2017-07-18 15:00:00+00:00
633,65.21809780956696,2017-07-18 18:00:00+00:00
634,66.96854401471482,2017-07-19 09:00:00+00:00
635,66.70302486122706,2017-07-19 12:00:00+00:00
636,66.8013207257761,2017-07-19 15:00:00+00:00
637,66.9557713157372,2017-07-19 18:00:00+00:00
638,66.56168593437303,2017-07-20 09:00:00+00:00
639,66.73077931161146,2017-07-20 12:00:00+00:00
640,187.63177733712035,2017-07-20 15:00:00+00:00
641,66.71101159293387,2017-07-20 18:00:00+00:00
642,69.55185490777346,2017-07-21 09:00:00+00:00
643,69.94868701330635,2017-07-21 12:00:00+00:00
644,69.70693151898726,2017-07-21 15:00:00+00:00
645,69.88144765271315,2017-07-21 18:00:00+00:00
646,68.48742468613666,2017-07-22 09:00:00+00:00
647,68.35711231873097,2017-07-22 12:00:00+00:00
648,68.56623600940868,2017-07-22 15:00:00+00:00
649,68.64277562139029,2017-07-22 18:00:00+00:00
650,69.53242641912463,2017-07-23 09:00:00+00:00
651,69.7664099821095,2017-07-23 12:00:00+00:00
652,70.1339026740911,2017-07-23 15:00:00+00:00
653,69.40511538603893,2017-07-23 18:00:00+00:00
654,68.40129622347632,2017-07-24 09:00:00+00:00
655,68.57141380843373,2017-07-24 12:00:00+00:00
656,68.56771912203281,2017-07-24 15:00:00+00:00
657,68.62820246100483,2017-07-24 18:00:00+00:00
658,72.43420299784772,2017-07-25 09:00:00+00:00
659,72.30088709366608,2017-07-25 12:00:00+00:00
660,71.89584013549417,2017-07-25 15:00:00+00:00
661,71.9658610775696,2017-07-25 18:00:00+00:00
662,70.05169799102906,2017-07-26 09:00:00+00:00
663,69.97555300066323,2017-07-26 12:00:00+00:00
664,70.12172301682898,2017-07-26 15:00:00+00:00
665,70.21498447277736,2017-07-26 18:00:00+00:00
666,72.67641231941685,2017-07-27 09:00:00+00:00
667,73.07225982442078,2017-07-27 12:00:00+00:00
668,72.96536718110235,2017-07-27 15:00:00+00:00
669,72.7896539625204,2017-07-27 18:00:00+00:00
670,72.84314392704182,2017-07-28 09:00:00+00:00
671,72.9673083126735,2017-07-28 12:00:00+00:00
672,72.92453210369116,2017-07-28 15:00:00+00:00
673,73.11891763268046,2017-07-28 18:00:00+00:00
674,74.86446839839456,2017-07-29 09:00:00+00:00
675,75.13164149563087,2017-07-29 12:00:00+00:00
676,74.72952362799943,2017-07-29 15:00:00+00:00
677,74.74920609069672,2017-07-29 18:00:00+00:00
678,72.38975194834596,2017-07-30 09:00:00+00:00
679,71.77309232907858,2017-07-30 12:00:00+00:00
680,72.04363906956874,2017-07-30 15:00:00+00:00
681,72.74483991706471,2017-07-30 18:00:00+00:00
682,74.20698554494544,2017-07-31 09:00:00+00:00
683,74.3888073789197,2017-07-31 12:00:00+00:00
684,74.48219054646445,2017-07-31 15:00:00+00:00
685,74.55898046072163,2017-07-31 18:00:00+00:00
686,73.73855021087044,2017-08-01 09:00:00+00:00
687,73.6445496104291,2017-08-01 12:00:00+00:00
688,73.72355278522959,2017-08-01 15:00:00+00:00
689,74.05847857110558,2017-08-01 18:00:00+00:00
690,74.16749824648147,2017-08-02 09:00:00+00:00
691,74.16626232493672,2017-08-02 12:00:00+00:00
692,74.11450765170017,2017-08-02 15:00:00+00:00
693,73.88890277096522,2017-08-02 18:00:00+00:00
694,74.81721975537359,2017-08-03 09:00:00+00:00
695,74.23332015579065,2017-08-03 12:00:00+00:00
696,74.28920421706829,2017-08-03 15:00:00+00:00
697,74.92365135020108,2017-08-03 18:00:00+00:00
698,74.11837049101831,2017-08-04 09:00:00+00:00
699,73.49393541200622,2017-08-04 12:00:00+00:00
700,73.99185274193081,2017-08-04 15:00:00+00:00
701,73.62928037118834,2017-08-04 18:00:00+00:00
702,75.47847105377691,2017-08-05 09:00:00+00:00
703,75.34244179521788,2017-08-05 12:00:00+00:00
704,74.92357431198533,2017-08-05 15:00:00+00:00
705,75.50083697754954,2017-08-05 18:00:00+00:00
706,71.0885699123399,2017-08-06 09:00:00+00:00
707,70.89164465179425,2017-08-06 12:00:00+00:00
708,71.20976883923755,2017-08-06 15:00:00+00:00
709,71.04280669665297,2017-08-06 18:00:00+00:00
710,73.06880739419445,2017-08-07 09:00:00+00:00
711,73.24818805404215,2017-08-07 12:00:00+00:00
712,73.23973018718236,2017-08-07 15:00:00+00:00
713,72.7431810999899,2017-08-07 18:00:00+00:00
714,75.91704586417843,2017-08-08 09:00:00+00:00
715,75.96625648949659,2017-08-08 12:00:00+00:00
716,76.1840568642842,2017-08-08 15:00:00+00:00
717,76.39115938870434,2017-08-08 18:00:00+00:00
718,75.24243270464804,2017-08-09 09:00:00+00:00
719,74.72237593890623,2017-08-09 12:00:00+00:00
720,75.61103820692934,2017-08-09 15:00:00+00:00
721,75.57350396116249,2017-08-09 18:00:00+00:00
722,70.66649547661878,2017-08-10 09:00:00+00:00
723,71.71890332997815,2017-08-10 12:00:00+00:00
724,71.26417076467567,2017-08-10 15:00:00+00:00
725,71.2021829779074,2017-08-10 18:00:00+00:00
726,73.88299356184831,2017-08-11 09:00:00+00:00
727,73.16127155742163,2017-08-11 12:00:00+00:00
728,73.55829040258897,2017-08-11 15:00:00+00:00
729,73.97166889729331,2017-08-11 18:00:00+00:00
730,72.27594944941656,2017-08-12 09:00:00+00:00
731,72.37720092383306,2017-08-12 12:00:00+00:00
732,72.53805405382327,2017-08-12 15:00:00+00:00
733,72.8168798795122,2017-08-12 18:00:00+00:00
734,76.08357084986862,2017-08-13 09:00:00+00:00
735,75.76098316965205,2017-08-13 12:00:00+00:00
736,76.17801283303405,2017-08-13 15:00:00+00:00
737,76.23935437133467,2017-08-13 18:00:00+00:00
738,73.73131897226523,2017-08-14 09:00:00+00:00
739,73.5907037139619,2017-08-14 12:00:00+00:00
740,73.5130100339256,2017-08-14 15:00:00+00:00
741,73.48533252045455,2017-08-14 18:00:00+00:00
742,72.09148065359483,2017-08-15 09:00:00+00:00
743,72.24284283062084,2017-08-15 12:00:00+00:00
744,71.99946007785948,2017-08-15 15:00:00+00:00
745,72.46555996493129,2017-08-15 18:00:00+00:00
746,72.58902445863944,2017-08-16 09:00:00+00:00
747,72.21498810129656,2017-08-16 12:00:00+00:00
748,72.52477730072751,2017-08-16 15:00:00+00:00
749,72.24161611333294,2017-08-16 18:00:00+00:00
750,71.45172665261775,2017-08-17 09:00:00+00:00
751,71.32041119665216,2017-08-17 12:00:00+00:00
752,72.30286137661675,2017-08-17 15:00:00+00:00
753,71.62989451551528,2017-08-17 18:00:00+00:00
754,70.65031255677032,2017-08-18 09:00:00+00:00
755,70.24309761875817,2017-08-18 12:00:00+00:00
756,69.96267494850618,2017-08-18 15:00:00+00:00
757,70.30560762089057,2017-08-18 18:00:00+00:00
758,69.31595741543416,2017-08-19 09:00:00+00:00
759,69.08140325032645,2017-08-19 12:00:00+00:00
760,68.95041517344701,2017-08-19 15:00:00+00:00
761,68.97904989559284,2017-08-19 18:00:00+00:00
762,69.64453530699124,2017-08-20 09:00:00+00:00
763,69.20177927203414,2017-08-20 12:00:00+00:00
764,69.01406567822525,2017-08-20 15:00:00+00:00
765,69.27313893104332,2017-08-20 18:00:00+00:00
766,68.18386854649017,2017-08-21 09:00:00+00:00
767,67.34697972449182,2017-08-21 12:00:00+00:00
768,67.4677553235102,2017-08-21 15:00:00+00:00
769,67.14434096293728,2017-08-21 18:00:00+00:00
770,65.83366702515681,2017-08-22 09:00:00+00:00
771,65.99460446019549,2017-08-22 12:00:00+00:00
772,66.00013689804561,2017-08-22 15:00:00+00:00
773,65.92204806320743,2017-08-22 18:00:00+00:00
774,66.34299708962943,2017-08-23 09:00:00+00:00
775,66.5231091287389,2017-08-23 12:00:00+00:00
776,66.55509054608405,2017-08-23 15:00:00+00:00
777,66.63577765753337,2017-08-23 18:00:00+00:00
778,65.67586669627187,2017-08-24 09:00:00+00:00
779,65.70946250008902,2017-08-24 12:00:00+00:00
780,65.55712092495673,2017-08-24 15:00:00+00:00
781,65.45576422216185,2017-08-24 18:00:00+00:00
782,66.73496859523425,2017-08-25 09:00:00+00:00
783,66.69457107504137,2017-08-25 12:00:00+00:00
784,66.83864894300697,2017-08-25 15:00:00+00:00
785,66.9632769363705,2017-08-25 18:00:00+00:00
786,66.24576411849517,2017-08-26 09:00:00+00:00
787,66.79940988732508,2017-08-26 12:00:00+00:00
788,65.8964782902641,2017-08-26 15:00:00+00:00
789,66.50031243311773,2017-08-26 18:00:00+00:00
790,65.5587033585018,2017-08-27 09:00:00+00:00
791,65.90286315844305,2017-08-27 12:00:00+00:00
792,66.07363999672384,2017-08-27 15:00:00+00:00
793,65.97353585989742,2017-08-27 18:00:00+00:00
794,64.81404802515999,2017-08-28 09:00:00+00:00
795,64.86516179473941,2017-08-28 12:00:00+00:00
796,65.01012949332197,2017-08-28 15:00:00+00:00
797,65.02057552985683,2017-08-28 18:00:00+00:00
798,64.40876251471668,2017-08-29 09:00:00+00:00
799,63.7475448891316,2017-08-29 12:00:00+00:00
800,64.49839873491838,2017-08-29 15:00:00+00:00
801,64.05903217174414,2017-08-29 18:00:00+00:00
802,63.71676438909939,2017-08-30 09:00:00+00:00
803,63.724132150973844,2017-08-30 12:00:00+00:00
804,63.898672858207206,2017-08-30 15:00:00+00:00
805,63.86160627992003,2017-08-30 18:00:00+00:00
806,64.45632541340527,2017-08-31 09:00:00+00:00
807,64.43800509911725,2017-08-31 12:00:00+00:00
808,65.00335551737994,2017-08-31 15:00:00+00:00
809,64.37629689428972,2017-08-31 18:00:00+00:00
810,62.51534315985549,2017-09-01 09:00:00+00:00
811,62.48351554660624,2017-09-01 12:00:00+00:00
812,63.051111219308645,2017-09-01 15:00:00+00:00
813,63.13209045424528,2017-09-01 18:00:00+00:00
814,66.23806141703739,2017-09-02 09:00:00+00:00
815,66.34683794715191,2017-09-02 12:00:00+00:00
816,66.38437173127717,2017-09-02 15:00:00+00:00
817,65.87527333395587,2017-09-02 18:00:00+00:00
818,65.73148505052868,2017-09-03 09:00:00+00:00
819,65.29028113126348,2017-09-03 12:00:00+00:00
820,65.39516184355665,2017-09-03 15:00:00+00:00
821,65.09762802793296,2017-09-03 18:00:00+00:00
822,62.36589360800749,2017-09-04 09:00:00+00:00
823,62.71811044736044,2017-09-04 12:00:00+00:00
824,62.592600699780455,2017-09-04 15:00:00+00:00
825,62.60141791164365,2017-09-04 18:00:00+00:00
826,62.320929222240906,2017-09-05 09:00:00+00:00
827,62.46860057645583,2017-09-05 12:00:00+00:00
828,62.70003114055177,2017-09-05 15:00:00+00:00
829,62.52281488227979,2017-09-05 18:00:00+00:00
830,62.587323143727936,2017-09-06 09:00:00+00:00
831,63.115042620036775,2017-09-06 12:00:00+00:00
832,62.56134181132431,2017-09-06 15:00:00+00:00
833,62.81769943973907,2017-09-06 18:00:00+00:00
834,64.06220394739884,2017-09-07 09:00:00+00:00
835,64.60478333180366,2017-09-07 12:00:00+00:00
836,64.25528735961359,2017-09-07 15:00:00+00:00
837,63.83959648558388,2017-09-07 18:00:00+00:00
838,62.04809413843862,2017-09-08 09:00:00+00:00
839,62.1589230858305,2017-09-08 12:00:00+00:00
840,61.99490513773196,2017-09-08 15:00:00+00:00
841,62.758267912577416,2017-09-08 18:00:00+00:00
842,62.413200206408696,2017-09-09 09:00:00+00:00
843,62.582029733804646,2017-09-09 12:00:00+00:00
844,62.1713807082396,2017-09-09 15:00:00+00:00
845,62.133963847418734,2017-09-09 18:00:00+00:00
846,63.29993210922479,2017-09-10 09:00:00+00:00
847,63.569155787288274,2017-09-10 12:00:00+00:00
848,63.585494439873564,2017-09-10 15:00:00+00:00
849,63.25754044626687,2017-09-10 18:00:00+00:00
850,63.82427983233535,2017-09-11 09:00:00+00:00
851,63.74362620463009,2017-09-11 12:00:00+00:00
852,63.564181820892614,2017-09-11 15:00:00+00:00
853,63.80622346813057,2017-09-11 18:00:00+00:00
854,67.41920349437004,2017-09-12 09:00:00+00:00
855,67.96628388864345,2017-09-12 12:00:00+00:00
856,67.95226402264746,2017-09-12 15:00:00+00:00
857,67.2241078549272,2017-09-12 18:00:00+00:00
858,64.61090964464448,2017-09-13 09:00:00+00:00
859,64.02982554629772,2017-09-13 12:00:00+00:00
860,64.09273604749609,2017-09-13 15:00:00+00:00
861,64.39965917985143,2017-09-13 18:00:00+00:00
862,66.0571741542499,2017-09-14 09:00:00+00:00
863,65.66140503085545,2017-09-14 12:00:00+00:00
864,66.19452567174629,2017-09-14 15:00:00+00:00
865,65.77323902721915,2017-09-14 18:00:00+00:00
866,67.69674531259135,2017-09-15 09:00:00+00:00
867,67.55577088138139,2017-09-15 12:00:00+00:00
868,67.63099404007426,2017-09-15 15:00:00+00:00
869,67.5240632524408,2017-09-15 18:00:00+00:00
870,66.4546422745278,2017-09-16 09:00:00+00:00
871,66.30901061236924,2017-09-16 12:00:00+00:00
872,66.30804510966419,2017-09-16 15:00:00+00:00
873,66.2611808213571,2017-09-16 18:00:00+00:00
874,65.62893308477088,2017-09-17 09:00:00+00:00
875,65.52756887850852,2017-09-17 12:00:00+00:00
876,66.13791332142466,2017-09-17 15:00:00+00:00
877,66.0322954098744,2017-09-17 18:00:00+00:00
878,66.68201295482103,2017-09-18 09:00:00+00:00
879,67.13193864780584,2017-09-18 12:00:00+00:00
880,66.92842463484813,2017-09-18 15:00:00+00:00
881,66.61404143477212,2017-09-18 18:00:00+00:00
882,67.3253742279859,2017-09-19 09:00:00+00:00
883,67.63692341357181,2017-09-19 12:00:00+00:00
884,67.18848779626077,2017-09-19 15:00:00+00:00
885,67.74169696189202,2017-09-19 18:00:00+00:00
886,66.913719600201,2017-09-20 09:00:00+00:00
887,67.29912781374574,2017-09-20 12:00:00+00:00
888,67.23048917769256,2017-09-20 15:00:00+00:00
889,67.63604097554503,2017-09-20 18:00:00+00:00
890,65.06205134341089,2017-09-21 09:00:00+00:00
891,65.24075551992739,2017-09-21 12:00:00+00:00
892,65.33339279394391,2017-09-21 15:00:00+00:00
893,65.42251842743791,2017-09-21 18:00:00+00:00
894,67.18096334049706,2017-09-22 09:00:00+00:00
895,66.49985609435147,2017-09-22 12:00:00+00:00
896,66.3485451024446,2017-09-22 15:00:00+00:00
897,66.92524021068057,2017-09-22 18:00:00+00:00
898,63.660251647699695,2017-09-23 09:00:00+00:00
899,63.72553923069802,2017-09-23 12:00:00+00:00
900,63.77145078737723,2017-09-23 15:00:00+00:00
901,63.7959986379632,2017-09-23 18:00:00+00:00
902,65.79011164711154,2017-09-24 09:00:00+00:00
903,66.00997033404892,2017-09-24 12:00:00+00:00
904,66.30414683817044,2017-09-24 15:00:00+00:00
905,65.74895486201521,2017-09-24 18:00:00+00:00
906,65.06405138323017,2017-09-25 09:00:00+00:00
907,65.10983524281846,2017-09-25 12:00:00+00:00
908,65.21120637600004,2017-09-25 15:00:00+00:00
909,65.06067995596041,2017-09-25 18:00:00+00:00
910,62.320285487274695,2017-09-26 09:00:00+00:00
911,62.23463086743402,2017-09-26 12:00:00+00:00
912,61.7477216481554,2017-09-26 15:00:00+00:00
913,62.29397780218819,2017-09-26 18:00:00+00:00
914,62.96199974156793,2017-09-27 09:00:00+00:00
915,62.78228907831049,2017-09-27 12:00:00+00:00
916,180.74202339520605,2017-09-27 15:00:00+00:00
917,62.62913669124234,2017-09-27 18:00:00+00:00
918,64.06908605734199,2017-09-28 09:00:00+00:00
919,64.49431900697692,2017-09-28 12:00:00+00:00
920,64.49615243462222,2017-09-28 15:00:00+00:00
921,64.22212543159807,2017-09-28 18:00:00+00:00
922,63.25919062545626,2017-09-29 09:00:00+00:00
923,63.29150930390087,2017-09-29 12:00:00+00:00
924,63.69289032661014,2017-09-29 15:00:00+00:00
925,63.48777607822971,2017-09-29 18:00:00+00:00
926,60.245052607135904,2017-09-30 09:00:00+00:00
927,60.0850542263822,2017-09-30 12:00:00+00:00
928,60.29178079424618,2017-09-30 15:00:00+00:00
929,60.06674453509807,2017-09-30 18:00:00+00:00
930,61.70975805310344,2017-10-01 09:00:00+00:00
931,62.344967050362726,2017-10-01 12:00:00+00:00
932,62.09939033655397,2017-10-01 15:00:00+00:00
933,62.13911324572223,2017-10-01 18:00:00+00:00
934,59.98348348884408,2017-10-02 09:00:00+00:00
935,60.078317755570495,2017-10-02 12:00:00+00:00
936,60.216066780752264,2017-10-02 15:00:00+00:00
937,60.41641612693535,2017-10-02 18:00:00+00:00
938,60.09072298905998,2017-10-03 09:00:00+00:00
939,60.15446326400842,2017-10-03 12:00:00+00:00
940,59.6663006499244,2017-10-03 15:00:00+00:00
941,60.19286391731038,2017-10-03 18:00:00+00:00
942,58.863294280856934,2017-10-04 09:00:00+00:00
943,58.56735567518022,2017-10-04 12:00:00+00:00
944,58.660595758115996,2017-10-04 15:00:00+00:00
945,58.7217951143224,2017-10-04 18:00:00+00:00
946,55.348401679523306,2017-10-05 09:00:00+00:00
947,55.72850113841951,2017-10-05 12:00:00+00:00
948,55.828725383032314,2017-10-05 15:00:00+00:00
949,55.58489665222309,2017-10-05 18:00:00+00:00
950,57.536511783018575,2017-10-06 09:00:00+00:00
951,58.42487773306683,2017-10-06 12:00:00+00:00
952,57.808787284004445,2017-10-06 15:00:00+00:00
953,57.94317207668726,2017-10-06 18:00:00+00:00
954,52.348498482981796,2017-10-07 09:00:00+00:00
955,52.45652016602897,2017-10-07 12:00:00+00:00
956,53.03032360245986,2017-10-07 15:00:00+00:00
957,53.40640717146367,2017-10-07 18:00:00+00:00
958,52.654762965584204,2017-10-08 09:00:00+00:00
959,52.500504052638824,2017-10-08 12:00:00+00:00
960,52.53165447666292,2017-10-08 15:00:00+00:00
961,52.47965472780684,2017-10-08 18:00:00+00:00
962,53.50209855613485,2017-10-09 09:00:00+00:00
963,53.877384035569776,2017-10-09 12:00:00+00:00
964,53.14255542901997,2017-10-09 15:00:00+00:00
965,53.5104476347549,2017-10-09 18:00:00+00:00
966,52.045498594888905,2017-10-10 09:00:00+00:00
967,52.39650109864007,2017-10-10 12:00:00+00:00
968,52.307149681362354,2017-10-10 15:00:00+00:00
969,52.418447398088404,2017-10-10 18:00:00+00:00
970,52.98977942550931,2017-10-11 09:00:00+00:00
971,52.14759288614778,2017-10-11 12:00:00+00:00
972,52.5486541078973,2017-10-11 15:00:00+00:00
973,52.16027865851316,2017-10-11 18:00:00+00:00
974,54.03465800659313,2017-10-12 09:00:00+00:00
975,54.425763498243,2017-10-12 12:00:00+00:00
976,54.044653124736456,2017-10-12 15:00:00+00:00
977,54.23237443323714,2017-10-12 18:00:00+00:00
978,54.75545647497302,2017-10-13 09:00:00+00:00
979,54.82470857455792,2017-10-13 12:00:00+00:00
980,55.083001633119885,2017-10-13 15:00:00+00:00
981,54.67160220761063,2017-10-13 18:00:00+00:00
982,53.39846626667401,2017-10-14 09:00:00+00:00
983,53.65796325066904,2017-10-14 12:00:00+00:00
984,53.12803085586137,2017-10-14 15:00:00+00:00
985,52.79144496620114,2017-10-14 18:00:00+00:00
986,52.33415985506783,2017-10-15 09:00:00+00:00
987,52.75649981164742,2017-10-15 12:00:00+00:00
988,53.09764482342309,2017-10-15 15:00:00+00:00
989,52.639278199902336,2017-10-15 18:00:00+00:00
990,52.17366773977784,2017-10-16 09:00:00+00:00
991,52.371240244803346,2017-10-16 12:00:00+00:00
992,52.18968074876528,2017-10-16 15:00:00+00:00
993,51.63278971799863,2017-10-16 18:00:00+00:00
994,49.82541869354646,2017-10-17 09:00:00+00:00
995,50.354726808231575,2017-10-17 12:00:00+00:00
996,50.11885692018254,2017-10-17 15:00:00+00:00
997,50.65076411659384,2017-10-17 18:00:00+00:00
998,50.192762307337624,2017-10-18 09:00:00+00:00
999,49.89868384763403,2017-10-18 12:00:00+00:00
1000,49.99804273787284,2017-10-18 15:00:00+00:00
1001,49.95196293695238,2017-10-18 18:00:00+00:00
1002,47.52420663299131,2017-10-19 09:00:00+00:00
1003,46.97344618674193,2017-10-19 12:00:00+00:00
1004,47.36794210373177,2017-10-19 15:00:00+00:00
1005,46.74439384640476,2017-10-19 18:00:00+00:00
1006,48.5913049699223,2017-10-20 09:00:00+00:00
1007,48.48427276172676,2017-10-20 12:00:00+00:00
1008,48.28450837197545,2017-10-20 15:00:00+00:00
1009,48.61816084613066,2017-10-20 18:00:00+00:00
1010,47.07626053412059,2017-10-21 09:00:00+00:00
1011,47.41848859344333,2017-10-21 12:00:00+00:00
1012,47.43882124611988,2017-10-21 15:00:00+00:00
1013,47.23049220846114,2017-10-21 18:00:00+00:00
1014,46.482230001499765,2017-10-22 09:00:00+00:00
1015,45.737375533852045,2017-10-22 12:00:00+00:00
1016,46.47449837101355,2017-10-22 15:00:00+00:00
1017,46.128872422588564,2017-10-22 18:00:00+00:00
1018,43.42329360484967,2017-10-23 09:00:00+00:00
1019,42.965407044829966,2017-10-23 12:00:00+00:00
1020,42.74910886479702,2017-10-23 15:00:00+00:00
1021,42.9925909854583,2017-10-23 18:00:00+00:00
1022,46.12911442341562,2017-10-24 09:00:00+00:00
1023,46.19072678663462,2017-10-24 12:00:00+00:00
1024,46.46272290575059,2017-10-24 15:00:00+00:00
1025,46.00309332849594,2017-10-24 18:00:00+00:00
1026,40.175240891901865,2017-10-25 09:00:00+00:00
1027,40.019590380125685,2017-10-25 12:00:00+00:00
1028,39.77014868171572,2017-10-25 15:00:00+00:00
1029,39.84518916946276,2017-10-25 18:00:00+00:00
1030,37.88253138235841,2017-10-26 09:00:00+00:00
1031,37.51756080079209,2017-10-26 12:00:00+00:00
1032,38.25474388501657,2017-10-26 15:00:00+00:00
1033,36.634672106798035,2017-10-26 18:00:00+00:00
1034,38.504532487695,2017-10-27 09:00:00+00:00
1035,38.461377637367384,2017-10-27 12:00:00+00:00
1036,38.704689642216344,2017-10-27 15:00:00+00:00
1037,38.97919399305789,2017-10-27 18:00:00+00:00
1038,34.2374885083149,2017-10-28 09:00:00+00:00
1039,34.031324935623395,2017-10-28 12:00:00+00:00
1040,34.340957574447486,2017-10-28 15:00:00+00:00
1041,33.9497813889273,2017-10-28 18:00:00+00:00
1042,31.636190614156533,2017-10-29 09:00:00+00:00
1043,16.049507035061126,2017-10-29 12:00:00+00:00
1044,31.851149384696956,2017-10-29 15:00:00+00:00
1045,31.802407369728776,2017-10-29 18:00:00+00:00
1046,26.715116461966556,2017-10-30 09:00:00+00:00
1047,27.242434936025624,2017-10-30 12:00:00+00:00
1048,27.162807585160948,2017-10-30 15:00:00+00:00
1049,27.367479744322747,2017-10-30 18:00:00+00:00
1050,28.3302359343331,2017-10-31 09:00:00+00:00
1051,28.44511175181375,2017-10-31 12:00:00+00:00
1052,28.32686521181898,2017-10-31 15:00:00+00:00
1053,28.742224235549433,2017-10-31 18:00:00+00:00
1054,24.4084971932773,2017-11-01 09:00:00+00:00
1055,24.1382962798694,2017-11-01 12:00:00+00:00
1056,24.457421002420336,2017-11-01 15:00:00+00:00
1057,23.96444132549969,2017-11-01 18:00:00+00:00
1058,21.897413405869823,2017-11-02 09:00:00+00:00
1059,21.958732285032855,2017-11-02 12:00:00+00:00
1060,22.10265975472565,2017-11-02 15:00:00+00:00
1061,21.445278198938393,2017-11-02 18:00:00+00:00
1062,22.469210093754615,2017-11-03 09:00:00+00:00
1063,22.29492949565096,2017-11-03 12:00:00+00:00
1064,21.52490129156423,2017-11-03 15:00:00+00:00
1065,21.447733074395064,2017-11-03 18:00:00+00:00
1066,34.44206281876228,2017-11-04 09:00:00+00:00
1067,18.686517541349534,2017-11-04 12:00:00+00:00
1068,18.303588282673417,2017-11-04 15:00:00+00:00
1069,18.934294968675882,2017-11-04 18:00:00+00:00
1070,21.717971417492386,2017-11-05 09:00:00+00:00
1071,22.347707367130592,2017-11-05 12:00:00+00:00
1072,21.632498083251733,2017-11-05 15:00:00+00:00
1073,21.6318673692832,2017-11-05 18:00:00+00:00
1074,20.38913871158535,2017-11-06 09:00:00+00:00
1075,20.03144746081856,2017-11-06 12:00:00+00:00
1076,20.23520151429045,2017-11-06 15:00:00+00:00
1077,20.63372499148632,2017-11-06 18:00:00+00:00
1078,18.476516546369652,2017-11-07 09:00:00+00:00
1079,18.022875198997262,2017-11-07 12:00:00+00:00
1080,18.260945259878547,2017-11-07 15:00:00+00:00
1081,17.807801209343545,2017-11-07 18:00:00+00:00
1082,17.923424087612297,2017-11-08 09:00:00+00:00
1083,18.11392986159027,2017-11-08 12:00:00+00:00
1084,17.97546283164509,2017-11-08 15:00:00+00:00
1085,18.07040715871632,2017-11-08 18:00:00+00:00
1086,18.434259883800657,2017-11-09 09:00:00+00:00
1087,18.44296304293043,2017-11-09 12:00:00+00:00
1088,18.678248263417725,2017-11-09 15:00:00+00:00
1089,18.76234594971413,2017-11-09 18:00:00+00:00
1090,21.045313609008527,2017-11-10 09:00:00+00:00
1091,21.181974199845193,2017-11-10 12:00:00+00:00
1092,20.85388334620253,2017-11-10 15:00:00+00:00
1093,20.477674597636156,2017-11-10 18:00:00+00:00
1094,22.825819883703872,2017-11-11 09:00:00+00:00
1095,22.961647755115084,2017-11-11 12:00:00+00:00
1096,23.30574462987189,2017-11-11 15:00:00+00:00
1097,22.85660304442093,2017-11-11 18:00:00+00:00
1098,21.64698260952579,2017-11-12 09:00:00+00:00
1099,21.500361791226787,2017-11-12 12:00:00+00:00
1100,22.45414651680638,2017-11-12 15:00:00+00:00
1101,21.29286564209672,2017-11-12 18:00:00+00:00
1102,20.52355969347904,2017-11-13 09:00:00+00:00
1103,20.51942790871883,2017-11-13 12:00:00+00:00
1104,20.621566247577277,2017-11-13 15:00:00+00:00
1105,20.19371038522025,2017-11-13 18:00:00+00:00
1106,22.4789013845958,2017-11-14 09:00:00+00:00
1107,22.86305033567263,2017-11-14 12:00:00+00:00
1108,22.23661913601535,2017-11-14 15:00:00+00:00
1109,22.33126366501777,2017-11-14 18:00:00+00:00
1110,21.649495930862724,2017-11-15 09:00:00+00:00
1111,21.8040032793991,2017-11-15 12:00:00+00:00
1112,21.917221771510096,2017-11-15 15:00:00+00:00
1113,21.941416890357566,2017-11-15 18:00:00+00:00
1114,21.01408007351741,2017-11-16 09:00:00+00:00
1115,21.05774136725168,2017-11-16 12:00:00+00:00
1116,21.166958414403236,2017-11-16 15:00:00+00:00
1117,21.73540409434613,2017-11-16 18:00:00+00:00
1118,23.097005447008787,2017-11-17 09:00:00+00:00
1119,23.319434162421878,2017-11-17 12:00:00+00:00
1120,23.021254728491122,2017-11-17 15:00:00+00:00
1121,23.22721444453283,2017-11-17 18:00:00+00:00
1122,,2016-05-12 11:59:32+00:00
1123,,2016-05-13 11:59:32+00:00
1124,,2016-05-14 11:59:32+00:00
1125,,2016-05-15 11:59:32+00:00
1126,,2016-05-16 11:59:32+00:00
1127,,2016-05-17 11:59:32+00:00
1128,,2016-05-18 11:59:32+00:00
1129,,2016-05-19 11:59:32+00:00
1130,,2016-05-20 11:59:32+00:00
